<?xml version="1.0" encoding="UTF-8"?>
<project-private xmlns="http://www.netbeans.org/ns/project-private/1">
    <editor-bookmarks xmlns="http://www.netbeans.org/ns/editor-bookmarks/2" lastBookmarkId="0"/>
    <open-files xmlns="http://www.netbeans.org/ns/projectui-open-files/2">
        <group>
            <file>file:/C:/Users/ASUS/Documents/NetBeansProjects/HANDME/application/controllers/Subject.php</file>
            <file>file:/C:/Users/ASUS/Documents/NetBeansProjects/HANDME/application/views/Exam.php</file>
            <file>file:/C:/Users/ASUS/Documents/NetBeansProjects/HANDME/application/views/Teacher.php</file>
            <file>file:/C:/Users/ASUS/Documents/NetBeansProjects/HANDME/application/models/Model_Marks.php</file>
            <file>file:/C:/Users/ASUS/Documents/NetBeansProjects/HANDME/application/controllers/Welcome.php</file>
            <file>file:/C:/Users/ASUS/Documents/NetBeansProjects/HANDME/application/models/Model_Grade.php</file>
            <file>file:/C:/Users/ASUS/Documents/NetBeansProjects/HANDME/application/views/common/navigation.php</file>
            <file>file:/C:/Users/ASUS/Documents/NetBeansProjects/HANDME/application/controllers/Exam.php</file>
            <file>file:/C:/Users/ASUS/Documents/NetBeansProjects/HANDME/application/views/parts/examtbl.php</file>
            <file>file:/C:/Users/ASUS/Documents/NetBeansProjects/HANDME/application/controllers/Marks.php</file>
            <file>file:/C:/Users/ASUS/Documents/NetBeansProjects/HANDME/application/views/parts/markstbl.php</file>
            <file>file:/C:/Users/ASUS/Documents/NetBeansProjects/HANDME/application/views/Marks.php</file>
            <file>file:/C:/Users/ASUS/Documents/NetBeansProjects/HANDME/application/views/Subject.php</file>
            <file>file:/C:/Users/ASUS/Documents/NetBeansProjects/HANDME/application/models/Model_Student.php</file>
        </group>
    </open-files>
</project-private>
